<?xml version="1.0" encoding="UTF-8"?>
<beans xmlns="http://www.springframework.org/schema/beans"  
		xmlns:xsi="http://www.w3.org/2001/XMLSchema-instance"  
		xmlns:context="http://www.springframework.org/schema/context"
		xsi:schemaLocation="http://www.springframework.org/schema/beans  
		http://www.springframework.org/schema/beans/spring-beans.xsd
		http://www.springframework.org/schema/context
		http://www.springframework.org/schema/context/spring-context.xsd">

	<bean id="infoService" class="org.niit.services.InfoService" />

	<bean id="demoBefore" class="org.niit.interceptor.DemoBeforeMethod" />

	<bean id="infoProxy" 
		class="org.springframework.aop.framework.ProxyFactoryBean">
		<property name="target" ref="infoService" />
		<property name="interceptorNames">
			<list>
				<value>demoBefore</value>
			</list>
		</property>
	</bean>

</beans>